UserID;Name;Email;Phone;Password;Address
USER002;Trần Thị Thu Hà;thuhatr@gmail.com;0768406236;2222;15 Lê Văn Hiến, Ngũ Hành Sơn, Đà Nẵng
USER003;Nguyễn Văn Hùng;hungnv@gmail.com;0768406237;3333;12 Nguyễn Tri Phương, Thanh Khê, Đà Nẵng
USER004;Phạm Minh Đức;minhduc.pham@gmail.com;0768406238;4444;47 Tôn Đức Thắng, Liên Chiểu, Đà Nẵng
USER005;Vũ Thị Thu Hằng;hangvu@gmail.com;0768406239;5555;88 Phạm Văn Đồng, Hải Châu, Đà Nẵng
USER006;Hoàng Văn Nam;namhv@gmail.com;0768406240;6666;22 Hoàng Diệu, Hải Châu, Đà Nẵng
USER007;Nguyễn Minh Tùng;tungminh@gmail.com;0768406241;7777;9 Hàm Nghi, Thanh Khê, Đà Nẵng
USER008;Lê Hồng Sơn;hongson.le@gmail.com;0768406242;8888;33 Nguyễn Lương Bằng, Liên Chiểu, Đà Nẵng
USER009;Phan Thị Ngọc Anh;ngocanh.phan@gmail.com;0768406243;9999;56 Trần Cao Vân, Thanh Khê, Đà Nẵng
USER010;Trịnh Văn Hoàng;hoangtrinh@gmail.com;0768406244;0000;7 Trần Phú, Hải Châu, Đà Nẵng
USER011;Đặng Văn Hoài;hoaidang@gmail.com;0768406245;1010;21 Nguyễn Văn Linh, Hải Châu, Đà Nẵng
USER012;Lê Thị Mai;mails.gmail.com;0768406246;1112;12 Ngô Quyền, Sơn Trà, Đà Nẵng
USER013;Nguyễn Hoàng Phúc;phuchoang@gmail.com;0768406247;1212;16 Lý Tự Trọng, Hải Châu, Đà Nẵng
USER014;Phạm Thị Minh Nguyệt;nguyetpham@gmail.com;0768406248;1313;44 Nguyễn Công Trứ, Sơn Trà, Đà Nẵng
USER015;Võ Văn Lâm;lamvo@gmail.com;0768406249;1414;19 Đống Đa, Hải Châu, Đà Nẵng
USER016;Trần Hoài Nam;namtr@gmail.com;0768406250;1515;8 Quang Trung, Hải Châu, Đà Nẵng
USER017;Nguyễn Thị Hoa;hoanguyen@gmail.com;0768406251;1616;35 Hùng Vương, Hải Châu, Đà Nẵng
USER018;Lê Văn Phong;phongle@gmail.com;0768406252;1717;48 Nguyễn Chí Thanh, Hải Châu, Đà Nẵng
USER019;Phạm Ngọc Quân;quanpham@gmail.com;0768406253;1818;3 Hải Hồ, Hải Châu, Đà Nẵng
USER020;Nguyễn Văn Hiệp;hiep@gmail.com;0768406254;1919;29 Trưng Nữ Vương, Hải Châu, Đà Nẵng
USER021;Trần Văn Bình;binhtran@gmail.com;0768406255;2020;10 Nguyễn Hữu Thọ, Hải Châu, Đà Nẵng
USER22;Đoàn Kiều Ngân;ngan@gmail.com;0768406235;1111;67 Âu Cơ Liên Chiểu Đà Nẵng
USER23;Nguyễn Thị Thảo;thao@gmail.com;0123456789;2222;89 Liên Chiểu Đà Nẵng
USER001;Nguyễn Văn Trung Ánh;trunganh@gmail.com;0768406235;2222;26 Đặng Chất, Hòa Khánh Bắc, Liên Chiểu, Đà Nẵng
